{
    "mae": 567.9915771978799,
    "mse": 0.05754099088441929,
    "mean_loss": -1.8714297718247044,
    "metrics": {
        "correlation": 0.6193708863001157,
        "label_mae": 0.19353821737581064,
        "r2_score": 0.3772095913417275,
        "30 days": {
            "accuracy": 0.9609055993531433,
            "balanced_accuracy": 0.5,
            "f1_score": [
                0.0,
                0.9800630888811
            ]
        },
        "90 days": {
            "accuracy": 0.9007479280371943,
            "balanced_accuracy": 0.6123124592302674,
            "f1_score": [
                0.354796320630749,
                0.946238913828972
            ]
        },
        "180 days": {
            "accuracy": 0.8340004042854255,
            "balanced_accuracy": 0.6626053379514928,
            "f1_score": [
                0.4830017627801561,
                0.9011269504912348
            ]
        },
        "270 days": {
            "accuracy": 0.7855265817667273,
            "balanced_accuracy": 0.6979393272672642,
            "f1_score": [
                0.572487710532678,
                0.8568576131243086
            ]
        },
        "360 days": {
            "accuracy": 0.7531837477258945,
            "balanced_accuracy": 0.7157084506676689,
            "f1_score": [
                0.6326935804103243,
                0.8141495935949344
            ]
        },
        "720 days": {
            "accuracy": 0.7217303416211845,
            "balanced_accuracy": 0.70860194174863,
            "f1_score": [
                0.7694060102515998,
                0.6492023851995311
            ]
        },
        "1080 days": {
            "accuracy": 0.7594501718213058,
            "balanced_accuracy": 0.5945227540609821,
            "f1_score": [
                0.8529266363456595,
                0.33991568670956285
            ]
        },
        "1440 days": {
            "accuracy": 0.8135435617545987,
            "balanced_accuracy": 0.5613853505320276,
            "f1_score": [
                0.8939087228560914,
                0.23107702567522503
            ]
        },
        "1825 days": {
            "accuracy": 0.8572872447948251,
            "balanced_accuracy": 0.5,
            "f1_score": [
                0.9231606443186765,
                0.0
            ]
        },
        "auc": 0.7966103995377263
    },
    "ape_per_quantile": [
        [
            -2.0,
            64.43601526876024,
            0.0
        ],
        [
            -1.0,
            211.75737764940968,
            100.91291000935037
        ],
        [
            0.0,
            188.11394973069847,
            184.25859556099
        ],
        [
            1.0,
            245.18955008117632,
            224.8780735731786
        ],
        [
            2.0,
            258.4233819406848,
            225.93143025637764
        ],
        [
            3.0,
            250.43442891484446,
            206.0105710852268
        ],
        [
            4.0,
            236.160352987644,
            184.9406530796614
        ],
        [
            5.0,
            245.02974265605152,
            182.406380824979
        ],
        [
            6.0,
            249.3433740040986,
            210.55399114201663
        ],
        [
            7.0,
            425.50353488192206,
            238.5705806383272
        ],
        [
            8.0,
            761.3583436739024,
            324.7731007542615
        ],
        [
            9.0,
            2153.069305301667,
            1179.7613692822915
        ]
    ]
}