{
    "mae": 538.1063701297446,
    "mse": 0.05613224474212659,
    "mean_loss": -1.8960956005800256,
    "metrics": {
        "correlation": 0.6348613052489294,
        "label_mae": 0.19172084494120992,
        "r2_score": 0.4003237247467697,
        "30 days": {
            "accuracy": 0.9569271944130807,
            "balanced_accuracy": 0.5,
            "f1_score": [
                0.0,
                0.97798957175827
            ]
        },
        "90 days": {
            "accuracy": 0.8952452640822983,
            "balanced_accuracy": 0.6079014437867526,
            "f1_score": [
                0.34782608695652173,
                0.9430487666249857
            ]
        },
        "180 days": {
            "accuracy": 0.822063312842387,
            "balanced_accuracy": 0.6555655140740488,
            "f1_score": [
                0.4726731937043004,
                0.8929748220439168
            ]
        },
        "270 days": {
            "accuracy": 0.7804123280224146,
            "balanced_accuracy": 0.6986808343602331,
            "f1_score": [
                0.5785376033389517,
                0.851528260808098
            ]
        },
        "360 days": {
            "accuracy": 0.7574541044620081,
            "balanced_accuracy": 0.7238637942705108,
            "f1_score": [
                0.6474592754680282,
                0.8151335500733091
            ]
        },
        "720 days": {
            "accuracy": 0.7272613222933133,
            "balanced_accuracy": 0.7134788254828854,
            "f1_score": [
                0.7754286894841953,
                0.652789608177172
            ]
        },
        "1080 days": {
            "accuracy": 0.7671141220256764,
            "balanced_accuracy": 0.5991801199517273,
            "f1_score": [
                0.8581471764436179,
                0.3499474728609782
            ]
        },
        "1440 days": {
            "accuracy": 0.820516037301886,
            "balanced_accuracy": 0.5588559331711079,
            "f1_score": [
                0.8985678498841991,
                0.22133526850507984
            ]
        },
        "1825 days": {
            "accuracy": 0.8607033830970602,
            "balanced_accuracy": 0.5,
            "f1_score": [
                0.9251376559163951,
                0.0
            ]
        },
        "auc": 0.8062691910312014
    },
    "ape_per_quantile": [
        [
            -6.0,
            85.22050438472384,
            0.0
        ],
        [
            -3.0,
            324.1640933168329,
            0.0
        ],
        [
            -1.0,
            242.82562861102534,
            258.2055572470267
        ],
        [
            0.0,
            188.3808307645516,
            174.81664163068533
        ],
        [
            1.0,
            246.2680268286688,
            221.98607114399934
        ],
        [
            2.0,
            254.04673104426593,
            224.25983791510328
        ],
        [
            3.0,
            247.95048081604298,
            207.82768574755266
        ],
        [
            4.0,
            237.04351185065332,
            174.97907824761288
        ],
        [
            5.0,
            229.06927008052182,
            174.65935148146545
        ],
        [
            6.0,
            255.6943044495105,
            207.95807698075183
        ],
        [
            7.0,
            429.8934866783608,
            242.01275273752213
        ],
        [
            8.0,
            736.5719762189464,
            326.8243870481835
        ],
        [
            9.0,
            2017.723692059062,
            1055.6656208080658
        ]
    ]
}