{
    "mae": 546.877792385557,
    "mse": 0.05632908688503951,
    "mean_loss": -1.8923821144326933,
    "metrics": {
        "correlation": 0.6234429278930428,
        "label_mae": 0.1916767192772514,
        "r2_score": 0.3806681867977154,
        "30 days": {
            "accuracy": 0.9608474786271838,
            "balanced_accuracy": 0.5,
            "f1_score": [
                0.0,
                0.9800328573233918
            ]
        },
        "90 days": {
            "accuracy": 0.9067443109073638,
            "balanced_accuracy": 0.6241278774206016,
            "f1_score": [
                0.38474114441416896,
                0.9495486638662973
            ]
        },
        "180 days": {
            "accuracy": 0.8322388799405278,
            "balanced_accuracy": 0.660549774016287,
            "f1_score": [
                0.4786960985626284,
                0.9000344539055962
            ]
        },
        "270 days": {
            "accuracy": 0.7807789204146532,
            "balanced_accuracy": 0.6961267177252468,
            "f1_score": [
                0.5709666989977368,
                0.852776390969102
            ]
        },
        "360 days": {
            "accuracy": 0.7490191219592781,
            "balanced_accuracy": 0.7140178209935979,
            "f1_score": [
                0.6322986627942155,
                0.8094924605787015
            ]
        },
        "720 days": {
            "accuracy": 0.7262627514145293,
            "balanced_accuracy": 0.7097301766554703,
            "f1_score": [
                0.7765792489718869,
                0.6466950959488272
            ]
        },
        "1080 days": {
            "accuracy": 0.7581051501259654,
            "balanced_accuracy": 0.5834717054036529,
            "f1_score": [
                0.8534320962938866,
                0.30809214412285885
            ]
        },
        "1440 days": {
            "accuracy": 0.816338330648825,
            "balanced_accuracy": 0.5447739210395235,
            "f1_score": [
                0.8966270717589901,
                0.17754762345108194
            ]
        },
        "1825 days": {
            "accuracy": 0.8649898814686325,
            "balanced_accuracy": 0.5,
            "f1_score": [
                0.9276081227716633,
                0.0
            ]
        },
        "auc": 0.8010898321658382
    },
    "ape_per_quantile": [
        [
            -8.0,
            73.70807968771184,
            0.0
        ],
        [
            -1.0,
            249.49994974707175,
            311.26712784430464
        ],
        [
            0.0,
            178.4022244094741,
            171.546962474966
        ],
        [
            1.0,
            236.04482987649754,
            211.45843573007375
        ],
        [
            2.0,
            253.6083663649733,
            219.66712897677633
        ],
        [
            3.0,
            236.60506075855383,
            206.39756884277418
        ],
        [
            4.0,
            228.58006460532735,
            176.95713664301974
        ],
        [
            5.0,
            233.82095488056527,
            173.24674648720668
        ],
        [
            6.0,
            258.140125818881,
            201.71717664921448
        ],
        [
            7.0,
            425.4923149601782,
            239.4176448239447
        ],
        [
            8.0,
            749.9414559492328,
            313.95598839128206
        ],
        [
            9.0,
            2133.1943119296825,
            1111.638402626769
        ]
    ]
}