{
    "mae": 577.42300574701,
    "mse": 0.06015674098304446,
    "mean_loss": -1.8235841859983797,
    "metrics": {
        "correlation": 0.5949392039612761,
        "label_mae": 0.19771292916217262,
        "r2_score": 0.34587371522364296,
        "30 days": {
            "accuracy": 0.9590812984536297,
            "balanced_accuracy": 0.5,
            "f1_score": [
                0.0,
                0.979113321341657
            ]
        },
        "90 days": {
            "accuracy": 0.9044815720741263,
            "balanced_accuracy": 0.6120727587782118,
            "f1_score": [
                0.35642458100558655,
                0.9484125207111191
            ]
        },
        "180 days": {
            "accuracy": 0.8323452593176071,
            "balanced_accuracy": 0.6549471254407712,
            "f1_score": [
                0.4681746449237244,
                0.9004872287022
            ]
        },
        "270 days": {
            "accuracy": 0.7819742133410721,
            "balanced_accuracy": 0.6917959268928819,
            "f1_score": [
                0.5618595351162209,
                0.8548801015480559
            ]
        },
        "360 days": {
            "accuracy": 0.7465279217279549,
            "balanced_accuracy": 0.7062856702499997,
            "f1_score": [
                0.6174446252033537,
                0.8104773713577184
            ]
        },
        "720 days": {
            "accuracy": 0.7103353923966668,
            "balanced_accuracy": 0.697327236476629,
            "f1_score": [
                0.7588444413764539,
                0.6373968550521563
            ]
        },
        "1080 days": {
            "accuracy": 0.7574312839434517,
            "balanced_accuracy": 0.5862688890327313,
            "f1_score": [
                0.852444960028245,
                0.31877983467225524
            ]
        },
        "1440 days": {
            "accuracy": 0.819244641598607,
            "balanced_accuracy": 0.5559973187026226,
            "f1_score": [
                0.8978731378244168,
                0.21441441441441442
            ]
        },
        "1825 days": {
            "accuracy": 0.8586294100576262,
            "balanced_accuracy": 0.5,
            "f1_score": [
                0.9239382583868665,
                0.0
            ]
        },
        "auc": 0.7823232030373415
    },
    "ape_per_quantile": [
        [
            -8.0,
            73.70807968771184,
            0.0
        ],
        [
            -1.0,
            85.30898612332105,
            0.0
        ],
        [
            0.0,
            197.19494442888833,
            191.32374071017244
        ],
        [
            1.0,
            254.86520631506917,
            231.1164605451428
        ],
        [
            2.0,
            275.57529658554006,
            240.70432496549168
        ],
        [
            3.0,
            256.3354325911026,
            215.0286326490842
        ],
        [
            4.0,
            236.54974547773085,
            188.76296967217587
        ],
        [
            5.0,
            250.26841438213793,
            193.45637831956108
        ],
        [
            6.0,
            261.0060511697099,
            212.9577786179079
        ],
        [
            7.0,
            414.7364862909302,
            236.12183298106973
        ],
        [
            8.0,
            740.4503838688825,
            326.3405954753911
        ],
        [
            9.0,
            2222.9331979065673,
            1202.9666310257153
        ]
    ]
}