{
    "mae": 597.4051409038572,
    "mse": 0.058698828038873836,
    "mean_loss": -1.8519224381299457,
    "metrics": {
        "correlation": 0.6286295422700102,
        "label_mae": 0.19676905553643242,
        "r2_score": 0.3921284307765083,
        "30 days": {
            "accuracy": 0.9570629020131985,
            "balanced_accuracy": 0.5,
            "f1_score": [
                0.0,
                0.9780604404985488
            ]
        },
        "90 days": {
            "accuracy": 0.8992983042352352,
            "balanced_accuracy": 0.6164573269655114,
            "f1_score": [
                0.36802096985583227,
                0.9452903401484037
            ]
        },
        "180 days": {
            "accuracy": 0.8266226714560188,
            "balanced_accuracy": 0.6585614575107449,
            "f1_score": [
                0.47832097524192535,
                0.8960352643574523
            ]
        },
        "270 days": {
            "accuracy": 0.7760421017458858,
            "balanced_accuracy": 0.6929346964776943,
            "f1_score": [
                0.5689017526933591,
                0.8487276420470575
            ]
        },
        "360 days": {
            "accuracy": 0.7468047782140173,
            "balanced_accuracy": 0.7140011239472931,
            "f1_score": [
                0.6349072512647554,
                0.8062020460358057
            ]
        },
        "720 days": {
            "accuracy": 0.7281764263637123,
            "balanced_accuracy": 0.7138795534093743,
            "f1_score": [
                0.7764649309610497,
                0.653276505061268
            ]
        },
        "1080 days": {
            "accuracy": 0.7592097569125387,
            "balanced_accuracy": 0.5946639711377166,
            "f1_score": [
                0.8528247938525949,
                0.33834500172156545
            ]
        },
        "1440 days": {
            "accuracy": 0.8061147773786651,
            "balanced_accuracy": 0.5532791783217377,
            "f1_score": [
                0.8895708440384432,
                0.20622435020519833
            ]
        },
        "1825 days": {
            "accuracy": 0.8428285022136831,
            "balanced_accuracy": 0.5,
            "f1_score": [
                0.9147118152353755,
                0.0
            ]
        },
        "auc": 0.7981851489770622
    },
    "ape_per_quantile": [
        [
            -1.0,
            296.9777781420062,
            100.98124444309428
        ],
        [
            0.0,
            184.63466004765115,
            171.4381116019631
        ],
        [
            1.0,
            242.88914441710833,
            211.6105315676088
        ],
        [
            2.0,
            253.24208848879093,
            221.56159228852607
        ],
        [
            3.0,
            246.18119447703214,
            208.77590777619375
        ],
        [
            4.0,
            248.39547382345177,
            187.46248022967245
        ],
        [
            5.0,
            237.73645089689825,
            174.33325175788613
        ],
        [
            6.0,
            264.0609232372399,
            209.0912705727708
        ],
        [
            7.0,
            433.29956176553446,
            243.07729393785948
        ],
        [
            8.0,
            759.8886874041225,
            329.5568063854869
        ],
        [
            9.0,
            2201.537263841353,
            1147.3543459345944
        ]
    ]
}