{
    "mae": 547.8195124118074,
    "mse": 0.057667425241315844,
    "mean_loss": -1.8668874830863065,
    "metrics": {
        "correlation": 0.6184309112837598,
        "label_mae": 0.19334235493553975,
        "r2_score": 0.3746701798788272,
        "30 days": {
            "accuracy": 0.9555176059201431,
            "balanced_accuracy": 0.5,
            "f1_score": [
                0.0,
                0.9772528797771032
            ]
        },
        "90 days": {
            "accuracy": 0.9004635276896804,
            "balanced_accuracy": 0.6261460313970252,
            "f1_score": [
                0.3904382470119522,
                0.9458071371646152
            ]
        },
        "180 days": {
            "accuracy": 0.8305684313247134,
            "balanced_accuracy": 0.6683085834896292,
            "f1_score": [
                0.4960696577578909,
                0.8981646667807132
            ]
        },
        "270 days": {
            "accuracy": 0.7866959420996991,
            "balanced_accuracy": 0.708704772911499,
            "f1_score": [
                0.5935853734118376,
                0.8554024255788314
            ]
        },
        "360 days": {
            "accuracy": 0.7513214605188258,
            "balanced_accuracy": 0.7189775008869485,
            "f1_score": [
                0.6414585531715323,
                0.8096483037659509
            ]
        },
        "720 days": {
            "accuracy": 0.7223713100756282,
            "balanced_accuracy": 0.7061339649150766,
            "f1_score": [
                0.7735773975328294,
                0.6412358133669609
            ]
        },
        "1080 days": {
            "accuracy": 0.7600634301049036,
            "balanced_accuracy": 0.5783769658059769,
            "f1_score": [
                0.8554349690095299,
                0.294897837256542
            ]
        },
        "1440 days": {
            "accuracy": 0.8191428803773279,
            "balanced_accuracy": 0.5474720029059437,
            "f1_score": [
                0.8982849302538303,
                0.18504946866984243
            ]
        },
        "1825 days": {
            "accuracy": 0.8620395218345938,
            "balanced_accuracy": 0.5,
            "f1_score": [
                0.9259089420242385,
                0.0
            ]
        },
        "auc": 0.7960312569779917
    },
    "ape_per_quantile": [
        [
            -1.0,
            180.5521096455868,
            113.9751127600837
        ],
        [
            0.0,
            173.99271626041755,
            165.97091543509148
        ],
        [
            1.0,
            238.5810478146803,
            222.35268992039133
        ],
        [
            2.0,
            250.26781221120152,
            232.87082794227436
        ],
        [
            3.0,
            248.48695619965275,
            198.01480770815644
        ],
        [
            4.0,
            237.4844471222079,
            187.14672784840766
        ],
        [
            5.0,
            235.7755038022215,
            173.1013210164219
        ],
        [
            6.0,
            257.1575541811353,
            208.40530679463038
        ],
        [
            7.0,
            432.8345160797744,
            249.16626311017876
        ],
        [
            8.0,
            741.1285339605853,
            307.38444827148055
        ],
        [
            9.0,
            2113.5449318772853,
            1071.3854960643378
        ]
    ]
}