{
    "mae": 576.2015152540989,
    "mse": 0.06031524885231598,
    "mean_loss": -1.8179080276796253,
    "metrics": {
        "correlation": 0.6013938408329049,
        "label_mae": 0.20002712257257763,
        "r2_score": 0.35615928451720147,
        "30 days": {
            "accuracy": 0.9560848073859226,
            "balanced_accuracy": 0.5,
            "f1_score": [
                0.0,
                0.9775494434350395
            ]
        },
        "90 days": {
            "accuracy": 0.9000776175497365,
            "balanced_accuracy": 0.6153201824681754,
            "f1_score": [
                0.3669772256728778,
                0.9457577504767819
            ]
        },
        "180 days": {
            "accuracy": 0.8334082274602721,
            "balanced_accuracy": 0.6608808741568664,
            "f1_score": [
                0.48248730964467,
                0.9007254491455279
            ]
        },
        "270 days": {
            "accuracy": 0.7782997671473508,
            "balanced_accuracy": 0.6863582118165618,
            "f1_score": [
                0.553810737482529,
                0.8525071341214839
            ]
        },
        "360 days": {
            "accuracy": 0.7434127211078884,
            "balanced_accuracy": 0.7025435107273197,
            "f1_score": [
                0.6118766606933201,
                0.8083600305110603
            ]
        },
        "720 days": {
            "accuracy": 0.7042771355039013,
            "balanced_accuracy": 0.6915056037309982,
            "f1_score": [
                0.7526734770576379,
                0.6323327746457413
            ]
        },
        "1080 days": {
            "accuracy": 0.7535030025736346,
            "balanced_accuracy": 0.5853606673443378,
            "f1_score": [
                0.8495186792358721,
                0.31896162528216704
            ]
        },
        "1440 days": {
            "accuracy": 0.8138404346582785,
            "balanced_accuracy": 0.5519374520627874,
            "f1_score": [
                0.89461878223065,
                0.2026246719160105
            ]
        },
        "1825 days": {
            "accuracy": 0.8586952081375874,
            "balanced_accuracy": 0.5,
            "f1_score": [
                0.9239763511285962,
                0.0
            ]
        },
        "auc": 0.7807042611761619
    },
    "ape_per_quantile": [
        [
            -3.0,
            324.1640933168329,
            0.0
        ],
        [
            -1.0,
            361.9519880572612,
            0.0
        ],
        [
            0.0,
            185.6525159401949,
            173.50807817147557
        ],
        [
            1.0,
            271.1925557986406,
            235.94989691731922
        ],
        [
            2.0,
            280.2528270787549,
            233.15699256467656
        ],
        [
            3.0,
            268.25962718140977,
            217.2094440115905
        ],
        [
            4.0,
            247.7665457978163,
            199.46216807999872
        ],
        [
            5.0,
            235.87214721984395,
            181.44297956266658
        ],
        [
            6.0,
            271.1563772523335,
            209.55727622828067
        ],
        [
            7.0,
            435.8473338698622,
            240.19053776903667
        ],
        [
            8.0,
            759.7664458581646,
            320.6250710651633
        ],
        [
            9.0,
            2165.393698299371,
            1110.7631442769505
        ]
    ]
}