{
    "mae": 552.6192685907093,
    "mse": 0.05827506655536168,
    "mean_loss": -1.8556267961614727,
    "metrics": {
        "correlation": 0.6040345416046463,
        "label_mae": 0.1951671704998108,
        "r2_score": 0.3550442710510121,
        "30 days": {
            "accuracy": 0.9615181652120967,
            "balanced_accuracy": 0.5,
            "f1_score": [
                0.0,
                0.980381606721576
            ]
        },
        "90 days": {
            "accuracy": 0.9032271158920235,
            "balanced_accuracy": 0.6167466575812788,
            "f1_score": [
                0.3652822151224707,
                0.9476205123698204
            ]
        },
        "180 days": {
            "accuracy": 0.8296326364927948,
            "balanced_accuracy": 0.6621859262234522,
            "f1_score": [
                0.48191581286260954,
                0.8980543612912627
            ]
        },
        "270 days": {
            "accuracy": 0.7781611528313376,
            "balanced_accuracy": 0.6934681717281611,
            "f1_score": [
                0.5665106686761323,
                0.8509396394184873
            ]
        },
        "360 days": {
            "accuracy": 0.73801501928151,
            "balanced_accuracy": 0.7040456317169143,
            "f1_score": [
                0.6203976002823198,
                0.799987603818024
            ]
        },
        "720 days": {
            "accuracy": 0.7147554292673026,
            "balanced_accuracy": 0.6936219942928572,
            "f1_score": [
                0.7719024896939006,
                0.6194009640903428
            ]
        },
        "1080 days": {
            "accuracy": 0.7719098843109398,
            "balanced_accuracy": 0.5905866427481469,
            "f1_score": [
                0.8627403082785744,
                0.3256930277211089
            ]
        },
        "1440 days": {
            "accuracy": 0.82252892226507,
            "balanced_accuracy": 0.5537279172225574,
            "f1_score": [
                0.9000959736757919,
                0.20624546114742193
            ]
        },
        "1825 days": {
            "accuracy": 0.8614572762330018,
            "balanced_accuracy": 0.5,
            "f1_score": [
                0.9255729768628562,
                0.0
            ]
        },
        "auc": 0.7844868105787476
    },
    "ape_per_quantile": [
        [
            -1.0,
            787.8647353232228,
            0.0
        ],
        [
            0.0,
            179.76729290142117,
            167.26860694525018
        ],
        [
            1.0,
            243.0729034622497,
            220.75549462413753
        ],
        [
            2.0,
            253.1439502750092,
            219.2279844722362
        ],
        [
            3.0,
            243.2480450709859,
            206.51581158807724
        ],
        [
            4.0,
            237.05916911936424,
            184.1809686185181
        ],
        [
            5.0,
            235.23719899312687,
            175.89440150110212
        ],
        [
            6.0,
            267.96389461498126,
            211.93058856845772
        ],
        [
            7.0,
            450.18537300273186,
            247.37406785888786
        ],
        [
            8.0,
            765.4927608209958,
            328.7092560225817
        ],
        [
            9.0,
            2124.975655178313,
            1080.776002265663
        ]
    ]
}