{
    "mae": 573.6365813379462,
    "mse": 0.05743177161181269,
    "mean_loss": -1.8777635938937818,
    "metrics": {
        "correlation": 0.6221597810351064,
        "label_mae": 0.19431586097081868,
        "r2_score": 0.3846494636220019,
        "30 days": {
            "accuracy": 0.9573856638476065,
            "balanced_accuracy": 0.5,
            "f1_score": [
                0.0,
                0.9782289525567347
            ]
        },
        "90 days": {
            "accuracy": 0.8998686263240003,
            "balanced_accuracy": 0.6154375734140629,
            "f1_score": [
                0.36533957845433257,
                0.9456466026341007
            ]
        },
        "180 days": {
            "accuracy": 0.8279004844404303,
            "balanced_accuracy": 0.6593863327897767,
            "f1_score": [
                0.4805452292441141,
                0.8968656202332334
            ]
        },
        "270 days": {
            "accuracy": 0.7809343952705476,
            "balanced_accuracy": 0.6991936332364743,
            "f1_score": [
                0.579511426319937,
                0.851884749902848
            ]
        },
        "360 days": {
            "accuracy": 0.7475572707118812,
            "balanced_accuracy": 0.7144600717242076,
            "f1_score": [
                0.6352689957885995,
                0.8069811972250996
            ]
        },
        "720 days": {
            "accuracy": 0.718819279086953,
            "balanced_accuracy": 0.7025977370332606,
            "f1_score": [
                0.772617110985691,
                0.6316751815004034
            ]
        },
        "1080 days": {
            "accuracy": 0.7700550127268249,
            "balanced_accuracy": 0.5925230928665735,
            "f1_score": [
                0.8611379695053923,
                0.3317026607803365
            ]
        },
        "1440 days": {
            "accuracy": 0.8195664668692011,
            "balanced_accuracy": 0.5566607971705354,
            "f1_score": [
                0.8980633190304999,
                0.21531869309051954
            ]
        },
        "1825 days": {
            "accuracy": 0.8587732983003531,
            "balanced_accuracy": 0.5,
            "f1_score": [
                0.9240215566746179,
                0.0
            ]
        },
        "auc": 0.7924666252148143
    },
    "ape_per_quantile": [
        [
            -1.0,
            574.908361690242,
            212.9563736329808
        ],
        [
            0.0,
            175.96833710243192,
            162.6945237884449
        ],
        [
            1.0,
            243.9356326483846,
            219.31073326624536
        ],
        [
            2.0,
            274.76507540070185,
            231.76099692122824
        ],
        [
            3.0,
            254.69114342053783,
            207.78966722493305
        ],
        [
            4.0,
            240.47720423570857,
            189.72274490344736
        ],
        [
            5.0,
            221.76493732724705,
            169.607880393685
        ],
        [
            6.0,
            258.70115111465407,
            209.13519955962823
        ],
        [
            7.0,
            437.5589463725103,
            239.70132410231872
        ],
        [
            8.0,
            739.805666551044,
            313.6861410642155
        ],
        [
            9.0,
            2250.762296584618,
            1189.3597829183132
        ]
    ]
}