{
    "mae": 558.514242109496,
    "mse": 0.0587789746107674,
    "mean_loss": -1.8484001276958142,
    "metrics": {
        "correlation": 0.6096376176700652,
        "label_mae": 0.1966902342072006,
        "r2_score": 0.36593361412097725,
        "30 days": {
            "accuracy": 0.9579145215330555,
            "balanced_accuracy": 0.5,
            "f1_score": [
                0.0,
                0.97850494594933
            ]
        },
        "90 days": {
            "accuracy": 0.8973196044782218,
            "balanced_accuracy": 0.6076012770863327,
            "f1_score": [
                0.34676371198336364,
                0.9442806146205183
            ]
        },
        "180 days": {
            "accuracy": 0.8248345182642804,
            "balanced_accuracy": 0.6532988872983494,
            "f1_score": [
                0.4665920119447554,
                0.8952115567940163
            ]
        },
        "270 days": {
            "accuracy": 0.777110402876522,
            "balanced_accuracy": 0.6919214892518832,
            "f1_score": [
                0.5655809508640599,
                0.8501002995246077
            ]
        },
        "360 days": {
            "accuracy": 0.7440549154204462,
            "balanced_accuracy": 0.7085995323886691,
            "f1_score": [
                0.6251795117280995,
                0.8056830872316664
            ]
        },
        "720 days": {
            "accuracy": 0.7115306039061862,
            "balanced_accuracy": 0.6954389155921479,
            "f1_score": [
                0.7639585422935473,
                0.6291627271772245
            ]
        },
        "1080 days": {
            "accuracy": 0.7640761624581188,
            "balanced_accuracy": 0.588170297354463,
            "f1_score": [
                0.8571569937162932,
                0.32277738681679574
            ]
        },
        "1440 days": {
            "accuracy": 0.8219743401160415,
            "balanced_accuracy": 0.5556028955282107,
            "f1_score": [
                0.8996660909614277,
                0.2111171464783632
            ]
        },
        "1825 days": {
            "accuracy": 0.8582986025986762,
            "balanced_accuracy": 0.5,
            "f1_score": [
                0.9237467018469656,
                0.0
            ]
        },
        "auc": 0.7883601403741035
    },
    "ape_per_quantile": [
        [
            -1.0,
            263.6124475199219,
            126.01283733788047
        ],
        [
            0.0,
            191.35209674357714,
            183.15088364693105
        ],
        [
            1.0,
            250.99909712262348,
            214.81487511982846
        ],
        [
            2.0,
            258.7019649643362,
            228.86744769961484
        ],
        [
            3.0,
            252.24845978018226,
            215.19166078783383
        ],
        [
            4.0,
            237.9679076669059,
            179.47687630897184
        ],
        [
            5.0,
            246.41867961474765,
            185.22731374552765
        ],
        [
            6.0,
            270.52765118622517,
            210.66054648380504
        ],
        [
            7.0,
            431.8911353850758,
            238.4770658807614
        ],
        [
            8.0,
            742.0262327079681,
            313.28671876203833
        ],
        [
            9.0,
            2105.102876194466,
            1084.8000958988796
        ]
    ]
}